opinion,region
Very well,london
Very well,london
Very well,london
Very well,london
Very well,london
Very well,london
Very well,london
Very well,london
Very well,london
Very well,london
Very well,rest_of_south
Very well,rest_of_south
Very well,rest_of_south
Very well,rest_of_south
Very well,rest_of_south
Very well,rest_of_south
Very well,rest_of_south
Very well,rest_of_south
Very well,rest_of_south
Very well,rest_of_south
Very well,rest_of_south
Very well,rest_of_south
Very well,rest_of_south
Very well,rest_of_south
Very well,rest_of_south
Very well,rest_of_south
Very well,rest_of_south
Very well,rest_of_south
Very well,rest_of_south
Very well,rest_of_south
Very well,rest_of_south
Very well,rest_of_south
Very well,rest_of_south
Very well,rest_of_south
Very well,rest_of_south
Very well,rest_of_south
Very well,rest_of_south
Very well,rest_of_south
Very well,rest_of_south
Very well,rest_of_south
Very well,rest_of_south
Very well,rest_of_south
Very well,rest_of_south
Very well,rest_of_south
Very well,rest_of_south
Very well,rest_of_south
Very well,rest_of_south
Very well,rest_of_south
Very well,rest_of_south
Very well,rest_of_south
Very well,rest_of_south
Very well,rest_of_south
Very well,rest_of_south
Very well,rest_of_south
Very well,rest_of_south
Very well,rest_of_south
Very well,rest_of_south
Very well,rest_of_south
Very well,rest_of_south
Very well,midlands_wales
Very well,midlands_wales
Very well,midlands_wales
Very well,midlands_wales
Very well,midlands_wales
Very well,midlands_wales
Very well,midlands_wales
Very well,midlands_wales
Very well,midlands_wales
Very well,midlands_wales
Very well,midlands_wales
Very well,midlands_wales
Very well,midlands_wales
Very well,midlands_wales
Very well,midlands_wales
Very well,midlands_wales
Very well,midlands_wales
Very well,midlands_wales
Very well,midlands_wales
Very well,midlands_wales
Very well,midlands_wales
Very well,midlands_wales
Very well,midlands_wales
Very well,midlands_wales
Very well,midlands_wales
Very well,midlands_wales
Very well,midlands_wales
Very well,midlands_wales
Very well,midlands_wales
Very well,midlands_wales
Very well,midlands_wales
Very well,midlands_wales
Very well,north
Very well,north
Very well,north
Very well,north
Very well,north
Very well,north
Very well,north
Very well,north
Very well,north
Very well,north
Very well,north
Very well,north
Very well,north
Very well,north
Very well,north
Very well,north
Very well,north
Very well,north
Very well,north
Very well,north
Very well,north
Very well,north
Very well,north
Very well,north
Very well,scot
Very well,scot
Very well,scot
Very well,scot
Very well,scot
Very well,scot
Very well,scot
Very well,scot
Fairly well,london
Fairly well,london
Fairly well,london
Fairly well,london
Fairly well,london
Fairly well,london
Fairly well,london
Fairly well,london
Fairly well,london
Fairly well,london
Fairly well,london
Fairly well,london
Fairly well,london
Fairly well,london
Fairly well,london
Fairly well,london
Fairly well,london
Fairly well,london
Fairly well,rest_of_south
Fairly well,rest_of_south
Fairly well,rest_of_south
Fairly well,rest_of_south
Fairly well,rest_of_south
Fairly well,rest_of_south
Fairly well,rest_of_south
Fairly well,rest_of_south
Fairly well,rest_of_south
Fairly well,rest_of_south
Fairly well,rest_of_south
Fairly well,rest_of_south
Fairly well,rest_of_south
Fairly well,rest_of_south
Fairly well,rest_of_south
Fairly well,rest_of_south
Fairly well,rest_of_south
Fairly well,rest_of_south
Fairly well,rest_of_south
Fairly well,rest_of_south
Fairly well,rest_of_south
Fairly well,rest_of_south
Fairly well,rest_of_south
Fairly well,rest_of_south
Fairly well,rest_of_south
Fairly well,rest_of_south
Fairly well,rest_of_south
Fairly well,rest_of_south
Fairly well,rest_of_south
Fairly well,rest_of_south
Fairly well,rest_of_south
Fairly well,rest_of_south
Fairly well,rest_of_south
Fairly well,rest_of_south
Fairly well,rest_of_south
Fairly well,rest_of_south
Fairly well,rest_of_south
Fairly well,rest_of_south
Fairly well,rest_of_south
Fairly well,rest_of_south
Fairly well,rest_of_south
Fairly well,rest_of_south
Fairly well,rest_of_south
Fairly well,rest_of_south
Fairly well,rest_of_south
Fairly well,rest_of_south
Fairly well,rest_of_south
Fairly well,rest_of_south
Fairly well,rest_of_south
Fairly well,rest_of_south
Fairly well,rest_of_south
Fairly well,rest_of_south
Fairly well,rest_of_south
Fairly well,rest_of_south
Fairly well,rest_of_south
Fairly well,rest_of_south
Fairly well,rest_of_south
Fairly well,rest_of_south
Fairly well,rest_of_south
Fairly well,rest_of_south
Fairly well,rest_of_south
Fairly well,rest_of_south
Fairly well,rest_of_south
Fairly well,rest_of_south
Fairly well,rest_of_south
Fairly well,rest_of_south
Fairly well,rest_of_south
Fairly well,rest_of_south
Fairly well,rest_of_south
Fairly well,rest_of_south
Fairly well,rest_of_south
Fairly well,rest_of_south
Fairly well,rest_of_south
Fairly well,rest_of_south
Fairly well,rest_of_south
Fairly well,rest_of_south
Fairly well,rest_of_south
Fairly well,rest_of_south
Fairly well,rest_of_south
Fairly well,rest_of_south
Fairly well,rest_of_south
Fairly well,rest_of_south
Fairly well,rest_of_south
Fairly well,rest_of_south
Fairly well,rest_of_south
Fairly well,rest_of_south
Fairly well,rest_of_south
Fairly well,rest_of_south
Fairly well,rest_of_south
Fairly well,rest_of_south
Fairly well,rest_of_south
Fairly well,rest_of_south
Fairly well,rest_of_south
Fairly well,midlands_wales
Fairly well,midlands_wales
Fairly well,midlands_wales
Fairly well,midlands_wales
Fairly well,midlands_wales
Fairly well,midlands_wales
Fairly well,midlands_wales
Fairly well,midlands_wales
Fairly well,midlands_wales
Fairly well,midlands_wales
Fairly well,midlands_wales
Fairly well,midlands_wales
Fairly well,midlands_wales
Fairly well,midlands_wales
Fairly well,midlands_wales
Fairly well,midlands_wales
Fairly well,midlands_wales
Fairly well,midlands_wales
Fairly well,midlands_wales
Fairly well,midlands_wales
Fairly well,midlands_wales
Fairly well,midlands_wales
Fairly well,midlands_wales
Fairly well,midlands_wales
Fairly well,midlands_wales
Fairly well,midlands_wales
Fairly well,midlands_wales
Fairly well,midlands_wales
Fairly well,midlands_wales
Fairly well,midlands_wales
Fairly well,midlands_wales
Fairly well,midlands_wales
Fairly well,midlands_wales
Fairly well,midlands_wales
Fairly well,midlands_wales
Fairly well,midlands_wales
Fairly well,midlands_wales
Fairly well,midlands_wales
Fairly well,midlands_wales
Fairly well,midlands_wales
Fairly well,midlands_wales
Fairly well,midlands_wales
Fairly well,midlands_wales
Fairly well,midlands_wales
Fairly well,midlands_wales
Fairly well,midlands_wales
Fairly well,midlands_wales
Fairly well,midlands_wales
Fairly well,midlands_wales
Fairly well,midlands_wales
Fairly well,north
Fairly well,north
Fairly well,north
Fairly well,north
Fairly well,north
Fairly well,north
Fairly well,north
Fairly well,north
Fairly well,north
Fairly well,north
Fairly well,north
Fairly well,north
Fairly well,north
Fairly well,north
Fairly well,north
Fairly well,north
Fairly well,north
Fairly well,north
Fairly well,north
Fairly well,north
Fairly well,north
Fairly well,north
Fairly well,north
Fairly well,north
Fairly well,north
Fairly well,north
Fairly well,north
Fairly well,north
Fairly well,north
Fairly well,north
Fairly well,north
Fairly well,north
Fairly well,north
Fairly well,north
Fairly well,north
Fairly well,north
Fairly well,north
Fairly well,north
Fairly well,north
Fairly well,north
Fairly well,north
Fairly well,north
Fairly well,north
Fairly well,north
Fairly well,north
Fairly well,north
Fairly well,north
Fairly well,north
Fairly well,scot
Fairly well,scot
Fairly well,scot
Fairly well,scot
Fairly well,scot
Fairly well,scot
Fairly well,scot
Fairly well,scot
Fairly well,scot
Fairly well,scot
Fairly badly,london
Fairly badly,london
Fairly badly,london
Fairly badly,london
Fairly badly,london
Fairly badly,london
Fairly badly,london
Fairly badly,london
Fairly badly,london
Fairly badly,london
Fairly badly,london
Fairly badly,london
Fairly badly,london
Fairly badly,london
Fairly badly,london
Fairly badly,london
Fairly badly,london
Fairly badly,london
Fairly badly,london
Fairly badly,london
Fairly badly,london
Fairly badly,london
Fairly badly,london
Fairly badly,london
Fairly badly,london
Fairly badly,london
Fairly badly,london
Fairly badly,london
Fairly badly,london
Fairly badly,london
Fairly badly,london
Fairly badly,london
Fairly badly,london
Fairly badly,rest_of_south
Fairly badly,rest_of_south
Fairly badly,rest_of_south
Fairly badly,rest_of_south
Fairly badly,rest_of_south
Fairly badly,rest_of_south
Fairly badly,rest_of_south
Fairly badly,rest_of_south
Fairly badly,rest_of_south
Fairly badly,rest_of_south
Fairly badly,rest_of_south
Fairly badly,rest_of_south
Fairly badly,rest_of_south
Fairly badly,rest_of_south
Fairly badly,rest_of_south
Fairly badly,rest_of_south
Fairly badly,rest_of_south
Fairly badly,rest_of_south
Fairly badly,rest_of_south
Fairly badly,rest_of_south
Fairly badly,rest_of_south
Fairly badly,rest_of_south
Fairly badly,rest_of_south
Fairly badly,rest_of_south
Fairly badly,rest_of_south
Fairly badly,rest_of_south
Fairly badly,rest_of_south
Fairly badly,rest_of_south
Fairly badly,rest_of_south
Fairly badly,rest_of_south
Fairly badly,rest_of_south
Fairly badly,rest_of_south
Fairly badly,rest_of_south
Fairly badly,rest_of_south
Fairly badly,rest_of_south
Fairly badly,rest_of_south
Fairly badly,rest_of_south
Fairly badly,rest_of_south
Fairly badly,rest_of_south
Fairly badly,rest_of_south
Fairly badly,rest_of_south
Fairly badly,rest_of_south
Fairly badly,rest_of_south
Fairly badly,rest_of_south
Fairly badly,rest_of_south
Fairly badly,rest_of_south
Fairly badly,rest_of_south
Fairly badly,rest_of_south
Fairly badly,rest_of_south
Fairly badly,rest_of_south
Fairly badly,rest_of_south
Fairly badly,rest_of_south
Fairly badly,rest_of_south
Fairly badly,rest_of_south
Fairly badly,rest_of_south
Fairly badly,rest_of_south
Fairly badly,rest_of_south
Fairly badly,rest_of_south
Fairly badly,rest_of_south
Fairly badly,rest_of_south
Fairly badly,rest_of_south
Fairly badly,rest_of_south
Fairly badly,rest_of_south
Fairly badly,rest_of_south
Fairly badly,rest_of_south
Fairly badly,rest_of_south
Fairly badly,rest_of_south
Fairly badly,rest_of_south
Fairly badly,rest_of_south
Fairly badly,rest_of_south
Fairly badly,rest_of_south
Fairly badly,rest_of_south
Fairly badly,rest_of_south
Fairly badly,rest_of_south
Fairly badly,rest_of_south
Fairly badly,rest_of_south
Fairly badly,rest_of_south
Fairly badly,rest_of_south
Fairly badly,rest_of_south
Fairly badly,rest_of_south
Fairly badly,rest_of_south
Fairly badly,rest_of_south
Fairly badly,rest_of_south
Fairly badly,rest_of_south
Fairly badly,rest_of_south
Fairly badly,rest_of_south
Fairly badly,rest_of_south
Fairly badly,rest_of_south
Fairly badly,rest_of_south
Fairly badly,rest_of_south
Fairly badly,rest_of_south
Fairly badly,rest_of_south
Fairly badly,rest_of_south
Fairly badly,rest_of_south
Fairly badly,rest_of_south
Fairly badly,rest_of_south
Fairly badly,rest_of_south
Fairly badly,rest_of_south
Fairly badly,rest_of_south
Fairly badly,rest_of_south
Fairly badly,rest_of_south
Fairly badly,rest_of_south
Fairly badly,rest_of_south
Fairly badly,rest_of_south
Fairly badly,rest_of_south
Fairly badly,rest_of_south
Fairly badly,rest_of_south
Fairly badly,rest_of_south
Fairly badly,rest_of_south
Fairly badly,rest_of_south
Fairly badly,rest_of_south
Fairly badly,rest_of_south
Fairly badly,rest_of_south
Fairly badly,rest_of_south
Fairly badly,rest_of_south
Fairly badly,rest_of_south
Fairly badly,rest_of_south
Fairly badly,rest_of_south
Fairly badly,rest_of_south
Fairly badly,rest_of_south
Fairly badly,rest_of_south
Fairly badly,rest_of_south
Fairly badly,rest_of_south
Fairly badly,rest_of_south
Fairly badly,rest_of_south
Fairly badly,rest_of_south
Fairly badly,midlands_wales
Fairly badly,midlands_wales
Fairly badly,midlands_wales
Fairly badly,midlands_wales
Fairly badly,midlands_wales
Fairly badly,midlands_wales
Fairly badly,midlands_wales
Fairly badly,midlands_wales
Fairly badly,midlands_wales
Fairly badly,midlands_wales
Fairly badly,midlands_wales
Fairly badly,midlands_wales
Fairly badly,midlands_wales
Fairly badly,midlands_wales
Fairly badly,midlands_wales
Fairly badly,midlands_wales
Fairly badly,midlands_wales
Fairly badly,midlands_wales
Fairly badly,midlands_wales
Fairly badly,midlands_wales
Fairly badly,midlands_wales
Fairly badly,midlands_wales
Fairly badly,midlands_wales
Fairly badly,midlands_wales
Fairly badly,midlands_wales
Fairly badly,midlands_wales
Fairly badly,midlands_wales
Fairly badly,midlands_wales
Fairly badly,midlands_wales
Fairly badly,midlands_wales
Fairly badly,midlands_wales
Fairly badly,midlands_wales
Fairly badly,midlands_wales
Fairly badly,midlands_wales
Fairly badly,midlands_wales
Fairly badly,midlands_wales
Fairly badly,midlands_wales
Fairly badly,midlands_wales
Fairly badly,midlands_wales
Fairly badly,midlands_wales
Fairly badly,midlands_wales
Fairly badly,midlands_wales
Fairly badly,midlands_wales
Fairly badly,midlands_wales
Fairly badly,midlands_wales
Fairly badly,midlands_wales
Fairly badly,midlands_wales
Fairly badly,midlands_wales
Fairly badly,midlands_wales
Fairly badly,midlands_wales
Fairly badly,midlands_wales
Fairly badly,midlands_wales
Fairly badly,midlands_wales
Fairly badly,midlands_wales
Fairly badly,midlands_wales
Fairly badly,midlands_wales
Fairly badly,midlands_wales
Fairly badly,midlands_wales
Fairly badly,midlands_wales
Fairly badly,midlands_wales
Fairly badly,midlands_wales
Fairly badly,midlands_wales
Fairly badly,midlands_wales
Fairly badly,midlands_wales
Fairly badly,midlands_wales
Fairly badly,midlands_wales
Fairly badly,midlands_wales
Fairly badly,midlands_wales
Fairly badly,midlands_wales
Fairly badly,midlands_wales
Fairly badly,midlands_wales
Fairly badly,midlands_wales
Fairly badly,midlands_wales
Fairly badly,midlands_wales
Fairly badly,north
Fairly badly,north
Fairly badly,north
Fairly badly,north
Fairly badly,north
Fairly badly,north
Fairly badly,north
Fairly badly,north
Fairly badly,north
Fairly badly,north
Fairly badly,north
Fairly badly,north
Fairly badly,north
Fairly badly,north
Fairly badly,north
Fairly badly,north
Fairly badly,north
Fairly badly,north
Fairly badly,north
Fairly badly,north
Fairly badly,north
Fairly badly,north
Fairly badly,north
Fairly badly,north
Fairly badly,north
Fairly badly,north
Fairly badly,north
Fairly badly,north
Fairly badly,north
Fairly badly,north
Fairly badly,north
Fairly badly,north
Fairly badly,north
Fairly badly,north
Fairly badly,north
Fairly badly,north
Fairly badly,north
Fairly badly,north
Fairly badly,north
Fairly badly,north
Fairly badly,north
Fairly badly,north
Fairly badly,north
Fairly badly,north
Fairly badly,north
Fairly badly,north
Fairly badly,north
Fairly badly,north
Fairly badly,north
Fairly badly,north
Fairly badly,north
Fairly badly,north
Fairly badly,north
Fairly badly,north
Fairly badly,north
Fairly badly,north
Fairly badly,north
Fairly badly,north
Fairly badly,north
Fairly badly,north
Fairly badly,north
Fairly badly,north
Fairly badly,north
Fairly badly,north
Fairly badly,north
Fairly badly,north
Fairly badly,north
Fairly badly,north
Fairly badly,north
Fairly badly,north
Fairly badly,north
Fairly badly,north
Fairly badly,north
Fairly badly,north
Fairly badly,north
Fairly badly,north
Fairly badly,scot
Fairly badly,scot
Fairly badly,scot
Fairly badly,scot
Fairly badly,scot
Fairly badly,scot
Fairly badly,scot
Fairly badly,scot
Fairly badly,scot
Fairly badly,scot
Fairly badly,scot
Fairly badly,scot
Fairly badly,scot
Fairly badly,scot
Fairly badly,scot
Fairly badly,scot
Fairly badly,scot
Fairly badly,scot
Fairly badly,scot
Fairly badly,scot
Fairly badly,scot
Fairly badly,scot
Fairly badly,scot
Very badly,london
Very badly,london
Very badly,london
Very badly,london
Very badly,london
Very badly,london
Very badly,london
Very badly,london
Very badly,london
Very badly,london
Very badly,london
Very badly,london
Very badly,london
Very badly,london
Very badly,london
Very badly,london
Very badly,london
Very badly,london
Very badly,london
Very badly,london
Very badly,london
Very badly,london
Very badly,london
Very badly,london
Very badly,london
Very badly,london
Very badly,london
Very badly,london
Very badly,london
Very badly,london
Very badly,london
Very badly,london
Very badly,london
Very badly,london
Very badly,london
Very badly,london
Very badly,london
Very badly,london
Very badly,london
Very badly,london
Very badly,london
Very badly,london
Very badly,london
Very badly,london
Very badly,london
Very badly,london
Very badly,london
Very badly,london
Very badly,london
Very badly,london
Very badly,london
Very badly,london
Very badly,london
Very badly,london
Very badly,london
Very badly,london
Very badly,london
Very badly,london
Very badly,london
Very badly,london
Very badly,london
Very badly,london
Very badly,london
Very badly,london
Very badly,london
Very badly,london
Very badly,london
Very badly,london
Very badly,london
Very badly,london
Very badly,london
Very badly,london
Very badly,london
Very badly,london
Very badly,london
Very badly,london
Very badly,london
Very badly,london
Very badly,london
Very badly,london
Very badly,london
Very badly,london
Very badly,london
Very badly,london
Very badly,london
Very badly,london
Very badly,london
Very badly,london
Very badly,london
Very badly,london
Very badly,london
Very badly,london
Very badly,london
Very badly,london
Very badly,london
Very badly,london
Very badly,london
Very badly,london
Very badly,london
Very badly,london
Very badly,london
Very badly,london
Very badly,london
Very badly,london
Very badly,london
Very badly,london
Very badly,london
Very badly,london
Very badly,london
Very badly,london
Very badly,london
Very badly,london
Very badly,london
Very badly,london
Very badly,london
Very badly,london
Very badly,london
Very badly,london
Very badly,rest_of_south
Very badly,rest_of_south
Very badly,rest_of_south
Very badly,rest_of_south
Very badly,rest_of_south
Very badly,rest_of_south
Very badly,rest_of_south
Very badly,rest_of_south
Very badly,rest_of_south
Very badly,rest_of_south
Very badly,rest_of_south
Very badly,rest_of_south
Very badly,rest_of_south
Very badly,rest_of_south
Very badly,rest_of_south
Very badly,rest_of_south
Very badly,rest_of_south
Very badly,rest_of_south
Very badly,rest_of_south
Very badly,rest_of_south
Very badly,rest_of_south
Very badly,rest_of_south
Very badly,rest_of_south
Very badly,rest_of_south
Very badly,rest_of_south
Very badly,rest_of_south
Very badly,rest_of_south
Very badly,rest_of_south
Very badly,rest_of_south
Very badly,rest_of_south
Very badly,rest_of_south
Very badly,rest_of_south
Very badly,rest_of_south
Very badly,rest_of_south
Very badly,rest_of_south
Very badly,rest_of_south
Very badly,rest_of_south
Very badly,rest_of_south
Very badly,rest_of_south
Very badly,rest_of_south
Very badly,rest_of_south
Very badly,rest_of_south
Very badly,rest_of_south
Very badly,rest_of_south
Very badly,rest_of_south
Very badly,rest_of_south
Very badly,rest_of_south
Very badly,rest_of_south
Very badly,rest_of_south
Very badly,rest_of_south
Very badly,rest_of_south
Very badly,rest_of_south
Very badly,rest_of_south
Very badly,rest_of_south
Very badly,rest_of_south
Very badly,rest_of_south
Very badly,rest_of_south
Very badly,rest_of_south
Very badly,rest_of_south
Very badly,rest_of_south
Very badly,rest_of_south
Very badly,rest_of_south
Very badly,rest_of_south
Very badly,rest_of_south
Very badly,rest_of_south
Very badly,rest_of_south
Very badly,rest_of_south
Very badly,rest_of_south
Very badly,rest_of_south
Very badly,rest_of_south
Very badly,rest_of_south
Very badly,rest_of_south
Very badly,rest_of_south
Very badly,rest_of_south
Very badly,rest_of_south
Very badly,rest_of_south
Very badly,rest_of_south
Very badly,rest_of_south
Very badly,rest_of_south
Very badly,rest_of_south
Very badly,rest_of_south
Very badly,rest_of_south
Very badly,rest_of_south
Very badly,rest_of_south
Very badly,rest_of_south
Very badly,rest_of_south
Very badly,rest_of_south
Very badly,rest_of_south
Very badly,rest_of_south
Very badly,rest_of_south
Very badly,rest_of_south
Very badly,rest_of_south
Very badly,rest_of_south
Very badly,rest_of_south
Very badly,rest_of_south
Very badly,rest_of_south
Very badly,rest_of_south
Very badly,rest_of_south
Very badly,rest_of_south
Very badly,rest_of_south
Very badly,rest_of_south
Very badly,rest_of_south
Very badly,rest_of_south
Very badly,rest_of_south
Very badly,rest_of_south
Very badly,rest_of_south
Very badly,rest_of_south
Very badly,rest_of_south
Very badly,rest_of_south
Very badly,rest_of_south
Very badly,rest_of_south
Very badly,rest_of_south
Very badly,rest_of_south
Very badly,rest_of_south
Very badly,rest_of_south
Very badly,rest_of_south
Very badly,rest_of_south
Very badly,rest_of_south
Very badly,rest_of_south
Very badly,rest_of_south
Very badly,rest_of_south
Very badly,rest_of_south
Very badly,rest_of_south
Very badly,rest_of_south
Very badly,rest_of_south
Very badly,rest_of_south
Very badly,rest_of_south
Very badly,rest_of_south
Very badly,rest_of_south
Very badly,rest_of_south
Very badly,rest_of_south
Very badly,rest_of_south
Very badly,rest_of_south
Very badly,rest_of_south
Very badly,rest_of_south
Very badly,rest_of_south
Very badly,rest_of_south
Very badly,rest_of_south
Very badly,rest_of_south
Very badly,rest_of_south
Very badly,rest_of_south
Very badly,rest_of_south
Very badly,rest_of_south
Very badly,rest_of_south
Very badly,rest_of_south
Very badly,rest_of_south
Very badly,rest_of_south
Very badly,rest_of_south
Very badly,rest_of_south
Very badly,rest_of_south
Very badly,rest_of_south
Very badly,rest_of_south
Very badly,rest_of_south
Very badly,rest_of_south
Very badly,rest_of_south
Very badly,rest_of_south
Very badly,rest_of_south
Very badly,rest_of_south
Very badly,rest_of_south
Very badly,rest_of_south
Very badly,rest_of_south
Very badly,rest_of_south
Very badly,rest_of_south
Very badly,rest_of_south
Very badly,rest_of_south
Very badly,rest_of_south
Very badly,rest_of_south
Very badly,rest_of_south
Very badly,rest_of_south
Very badly,rest_of_south
Very badly,rest_of_south
Very badly,rest_of_south
Very badly,rest_of_south
Very badly,rest_of_south
Very badly,rest_of_south
Very badly,rest_of_south
Very badly,rest_of_south
Very badly,rest_of_south
Very badly,rest_of_south
Very badly,rest_of_south
Very badly,rest_of_south
Very badly,rest_of_south
Very badly,rest_of_south
Very badly,rest_of_south
Very badly,rest_of_south
Very badly,rest_of_south
Very badly,rest_of_south
Very badly,rest_of_south
Very badly,rest_of_south
Very badly,rest_of_south
Very badly,rest_of_south
Very badly,rest_of_south
Very badly,rest_of_south
Very badly,rest_of_south
Very badly,rest_of_south
Very badly,rest_of_south
Very badly,rest_of_south
Very badly,rest_of_south
Very badly,rest_of_south
Very badly,rest_of_south
Very badly,rest_of_south
Very badly,rest_of_south
Very badly,rest_of_south
Very badly,rest_of_south
Very badly,rest_of_south
Very badly,rest_of_south
Very badly,rest_of_south
Very badly,rest_of_south
Very badly,rest_of_south
Very badly,rest_of_south
Very badly,rest_of_south
Very badly,rest_of_south
Very badly,rest_of_south
Very badly,rest_of_south
Very badly,rest_of_south
Very badly,rest_of_south
Very badly,rest_of_south
Very badly,rest_of_south
Very badly,rest_of_south
Very badly,rest_of_south
Very badly,rest_of_south
Very badly,rest_of_south
Very badly,rest_of_south
Very badly,rest_of_south
Very badly,rest_of_south
Very badly,rest_of_south
Very badly,rest_of_south
Very badly,rest_of_south
Very badly,rest_of_south
Very badly,rest_of_south
Very badly,rest_of_south
Very badly,rest_of_south
Very badly,rest_of_south
Very badly,rest_of_south
Very badly,rest_of_south
Very badly,rest_of_south
Very badly,rest_of_south
Very badly,rest_of_south
Very badly,rest_of_south
Very badly,rest_of_south
Very badly,rest_of_south
Very badly,rest_of_south
Very badly,rest_of_south
Very badly,rest_of_south
Very badly,rest_of_south
Very badly,rest_of_south
Very badly,midlands_wales
Very badly,midlands_wales
Very badly,midlands_wales
Very badly,midlands_wales
Very badly,midlands_wales
Very badly,midlands_wales
Very badly,midlands_wales
Very badly,midlands_wales
Very badly,midlands_wales
Very badly,midlands_wales
Very badly,midlands_wales
Very badly,midlands_wales
Very badly,midlands_wales
Very badly,midlands_wales
Very badly,midlands_wales
Very badly,midlands_wales
Very badly,midlands_wales
Very badly,midlands_wales
Very badly,midlands_wales
Very badly,midlands_wales
Very badly,midlands_wales
Very badly,midlands_wales
Very badly,midlands_wales
Very badly,midlands_wales
Very badly,midlands_wales
Very badly,midlands_wales
Very badly,midlands_wales
Very badly,midlands_wales
Very badly,midlands_wales
Very badly,midlands_wales
Very badly,midlands_wales
Very badly,midlands_wales
Very badly,midlands_wales
Very badly,midlands_wales
Very badly,midlands_wales
Very badly,midlands_wales
Very badly,midlands_wales
Very badly,midlands_wales
Very badly,midlands_wales
Very badly,midlands_wales
Very badly,midlands_wales
Very badly,midlands_wales
Very badly,midlands_wales
Very badly,midlands_wales
Very badly,midlands_wales
Very badly,midlands_wales
Very badly,midlands_wales
Very badly,midlands_wales
Very badly,midlands_wales
Very badly,midlands_wales
Very badly,midlands_wales
Very badly,midlands_wales
Very badly,midlands_wales
Very badly,midlands_wales
Very badly,midlands_wales
Very badly,midlands_wales
Very badly,midlands_wales
Very badly,midlands_wales
Very badly,midlands_wales
Very badly,midlands_wales
Very badly,midlands_wales
Very badly,midlands_wales
Very badly,midlands_wales
Very badly,midlands_wales
Very badly,midlands_wales
Very badly,midlands_wales
Very badly,midlands_wales
Very badly,midlands_wales
Very badly,midlands_wales
Very badly,midlands_wales
Very badly,midlands_wales
Very badly,midlands_wales
Very badly,midlands_wales
Very badly,midlands_wales
Very badly,midlands_wales
Very badly,midlands_wales
Very badly,midlands_wales
Very badly,midlands_wales
Very badly,midlands_wales
Very badly,midlands_wales
Very badly,midlands_wales
Very badly,midlands_wales
Very badly,midlands_wales
Very badly,midlands_wales
Very badly,midlands_wales
Very badly,midlands_wales
Very badly,midlands_wales
Very badly,midlands_wales
Very badly,midlands_wales
Very badly,midlands_wales
Very badly,midlands_wales
Very badly,midlands_wales
Very badly,midlands_wales
Very badly,midlands_wales
Very badly,midlands_wales
Very badly,midlands_wales
Very badly,midlands_wales
Very badly,midlands_wales
Very badly,midlands_wales
Very badly,midlands_wales
Very badly,midlands_wales
Very badly,midlands_wales
Very badly,midlands_wales
Very badly,midlands_wales
Very badly,midlands_wales
Very badly,midlands_wales
Very badly,midlands_wales
Very badly,midlands_wales
Very badly,midlands_wales
Very badly,midlands_wales
Very badly,midlands_wales
Very badly,midlands_wales
Very badly,midlands_wales
Very badly,midlands_wales
Very badly,midlands_wales
Very badly,midlands_wales
Very badly,midlands_wales
Very badly,midlands_wales
Very badly,midlands_wales
Very badly,midlands_wales
Very badly,midlands_wales
Very badly,midlands_wales
Very badly,midlands_wales
Very badly,midlands_wales
Very badly,midlands_wales
Very badly,midlands_wales
Very badly,midlands_wales
Very badly,midlands_wales
Very badly,midlands_wales
Very badly,midlands_wales
Very badly,midlands_wales
Very badly,midlands_wales
Very badly,midlands_wales
Very badly,midlands_wales
Very badly,midlands_wales
Very badly,midlands_wales
Very badly,midlands_wales
Very badly,midlands_wales
Very badly,midlands_wales
Very badly,midlands_wales
Very badly,midlands_wales
Very badly,midlands_wales
Very badly,midlands_wales
Very badly,midlands_wales
Very badly,midlands_wales
Very badly,midlands_wales
Very badly,midlands_wales
Very badly,midlands_wales
Very badly,midlands_wales
Very badly,midlands_wales
Very badly,midlands_wales
Very badly,midlands_wales
Very badly,north
Very badly,north
Very badly,north
Very badly,north
Very badly,north
Very badly,north
Very badly,north
Very badly,north
Very badly,north
Very badly,north
Very badly,north
Very badly,north
Very badly,north
Very badly,north
Very badly,north
Very badly,north
Very badly,north
Very badly,north
Very badly,north
Very badly,north
Very badly,north
Very badly,north
Very badly,north
Very badly,north
Very badly,north
Very badly,north
Very badly,north
Very badly,north
Very badly,north
Very badly,north
Very badly,north
Very badly,north
Very badly,north
Very badly,north
Very badly,north
Very badly,north
Very badly,north
Very badly,north
Very badly,north
Very badly,north
Very badly,north
Very badly,north
Very badly,north
Very badly,north
Very badly,north
Very badly,north
Very badly,north
Very badly,north
Very badly,north
Very badly,north
Very badly,north
Very badly,north
Very badly,north
Very badly,north
Very badly,north
Very badly,north
Very badly,north
Very badly,north
Very badly,north
Very badly,north
Very badly,north
Very badly,north
Very badly,north
Very badly,north
Very badly,north
Very badly,north
Very badly,north
Very badly,north
Very badly,north
Very badly,north
Very badly,north
Very badly,north
Very badly,north
Very badly,north
Very badly,north
Very badly,north
Very badly,north
Very badly,north
Very badly,north
Very badly,north
Very badly,north
Very badly,north
Very badly,north
Very badly,north
Very badly,north
Very badly,north
Very badly,north
Very badly,north
Very badly,north
Very badly,north
Very badly,north
Very badly,north
Very badly,north
Very badly,north
Very badly,north
Very badly,north
Very badly,north
Very badly,north
Very badly,north
Very badly,north
Very badly,north
Very badly,north
Very badly,north
Very badly,north
Very badly,north
Very badly,north
Very badly,north
Very badly,north
Very badly,north
Very badly,north
Very badly,north
Very badly,north
Very badly,north
Very badly,north
Very badly,north
Very badly,north
Very badly,north
Very badly,north
Very badly,north
Very badly,north
Very badly,north
Very badly,north
Very badly,north
Very badly,north
Very badly,north
Very badly,north
Very badly,north
Very badly,north
Very badly,north
Very badly,north
Very badly,north
Very badly,north
Very badly,north
Very badly,north
Very badly,north
Very badly,north
Very badly,north
Very badly,north
Very badly,north
Very badly,north
Very badly,north
Very badly,north
Very badly,north
Very badly,north
Very badly,north
Very badly,north
Very badly,north
Very badly,north
Very badly,north
Very badly,north
Very badly,north
Very badly,north
Very badly,north
Very badly,north
Very badly,north
Very badly,north
Very badly,north
Very badly,north
Very badly,north
Very badly,north
Very badly,north
Very badly,north
Very badly,north
Very badly,north
Very badly,north
Very badly,north
Very badly,north
Very badly,north
Very badly,north
Very badly,north
Very badly,north
Very badly,north
Very badly,north
Very badly,north
Very badly,north
Very badly,north
Very badly,north
Very badly,north
Very badly,north
Very badly,north
Very badly,north
Very badly,north
Very badly,north
Very badly,north
Very badly,north
Very badly,north
Very badly,north
Very badly,north
Very badly,north
Very badly,north
Very badly,north
Very badly,north
Very badly,north
Very badly,north
Very badly,north
Very badly,north
Very badly,north
Very badly,north
Very badly,north
Very badly,north
Very badly,north
Very badly,north
Very badly,north
Very badly,north
Very badly,north
Very badly,north
Very badly,north
Very badly,north
Very badly,north
Very badly,north
Very badly,north
Very badly,north
Very badly,scot
Very badly,scot
Very badly,scot
Very badly,scot
Very badly,scot
Very badly,scot
Very badly,scot
Very badly,scot
Very badly,scot
Very badly,scot
Very badly,scot
Very badly,scot
Very badly,scot
Very badly,scot
Very badly,scot
Very badly,scot
Very badly,scot
Very badly,scot
Very badly,scot
Very badly,scot
Very badly,scot
Very badly,scot
Very badly,scot
Very badly,scot
Very badly,scot
Very badly,scot
Very badly,scot
Very badly,scot
Very badly,scot
Very badly,scot
Very badly,scot
Very badly,scot
Very badly,scot
Very badly,scot
Very badly,scot
Very badly,scot
Very badly,scot
Very badly,scot
Very badly,scot
Very badly,scot
Very badly,scot
Very badly,scot
Very badly,scot
Very badly,scot
Very badly,scot
Very badly,scot
Very badly,scot
Very badly,scot
Very badly,scot
Very badly,scot
Very badly,scot
Very badly,scot
Very badly,scot
Very badly,scot
Very badly,scot
Very badly,scot
Very badly,scot
Very badly,scot
Very badly,scot
Very badly,scot
Very badly,scot
Very badly,scot
Very badly,scot
Very badly,scot
Very badly,scot
Very badly,scot
Very badly,scot
Very badly,scot
Very badly,scot
Very badly,scot
Very badly,scot
Very badly,scot
Very badly,scot
Very badly,scot
Very badly,scot
Very badly,scot
Very badly,scot
Very badly,scot
Very badly,scot
Very badly,scot
Very badly,scot
Very badly,scot
Very badly,scot
Very badly,scot
Very badly,scot
Very badly,scot
Very badly,scot
Very badly,scot
Very badly,scot
Very badly,scot
Don't know,london
Don't know,london
Don't know,london
Don't know,london
Don't know,london
Don't know,london
Don't know,london
Don't know,london
Don't know,london
Don't know,london
Don't know,london
Don't know,london
Don't know,london
Don't know,london
Don't know,london
Don't know,london
Don't know,rest_of_south
Don't know,rest_of_south
Don't know,rest_of_south
Don't know,rest_of_south
Don't know,rest_of_south
Don't know,rest_of_south
Don't know,rest_of_south
Don't know,rest_of_south
Don't know,rest_of_south
Don't know,rest_of_south
Don't know,rest_of_south
Don't know,rest_of_south
Don't know,rest_of_south
Don't know,rest_of_south
Don't know,rest_of_south
Don't know,rest_of_south
Don't know,rest_of_south
Don't know,rest_of_south
Don't know,rest_of_south
Don't know,rest_of_south
Don't know,rest_of_south
Don't know,rest_of_south
Don't know,rest_of_south
Don't know,rest_of_south
Don't know,rest_of_south
Don't know,rest_of_south
Don't know,rest_of_south
Don't know,rest_of_south
Don't know,rest_of_south
Don't know,rest_of_south
Don't know,rest_of_south
Don't know,rest_of_south
Don't know,rest_of_south
Don't know,rest_of_south
Don't know,rest_of_south
Don't know,rest_of_south
Don't know,rest_of_south
Don't know,rest_of_south
Don't know,midlands_wales
Don't know,midlands_wales
Don't know,midlands_wales
Don't know,midlands_wales
Don't know,midlands_wales
Don't know,midlands_wales
Don't know,midlands_wales
Don't know,midlands_wales
Don't know,midlands_wales
Don't know,midlands_wales
Don't know,midlands_wales
Don't know,midlands_wales
Don't know,midlands_wales
Don't know,midlands_wales
Don't know,midlands_wales
Don't know,midlands_wales
Don't know,midlands_wales
Don't know,midlands_wales
Don't know,midlands_wales
Don't know,midlands_wales
Don't know,midlands_wales
Don't know,midlands_wales
Don't know,midlands_wales
Don't know,midlands_wales
Don't know,midlands_wales
Don't know,midlands_wales
Don't know,midlands_wales
Don't know,midlands_wales
Don't know,midlands_wales
Don't know,midlands_wales
Don't know,midlands_wales
Don't know,midlands_wales
Don't know,midlands_wales
Don't know,midlands_wales
Don't know,midlands_wales
Don't know,midlands_wales
Don't know,midlands_wales
Don't know,midlands_wales
Don't know,midlands_wales
Don't know,midlands_wales
Don't know,midlands_wales
Don't know,midlands_wales
Don't know,midlands_wales
Don't know,midlands_wales
Don't know,midlands_wales
Don't know,midlands_wales
Don't know,north
Don't know,north
Don't know,north
Don't know,north
Don't know,north
Don't know,north
Don't know,north
Don't know,north
Don't know,north
Don't know,north
Don't know,north
Don't know,north
Don't know,north
Don't know,north
Don't know,north
Don't know,north
Don't know,north
Don't know,north
Don't know,north
Don't know,north
Don't know,north
Don't know,north
Don't know,north
Don't know,north
Don't know,north
Don't know,north
Don't know,north
Don't know,north
Don't know,north
Don't know,north
Don't know,north
Don't know,north
Don't know,north
Don't know,north
Don't know,north
Don't know,north
Don't know,north
Don't know,north
Don't know,north
Don't know,north
Don't know,scot
Don't know,scot
Don't know,scot
Don't know,scot
Don't know,scot
Don't know,scot
Don't know,scot
Don't know,scot
Don't know,scot
Don't know,scot
Don't know,scot
